Year,Month,Day,Total IPv6 %,non-relayed IPv6,Moving Average
2017,8,12,16.681415,16.658104,18.0880635
2017,8,11,16.763412,16.740792,18.1165335
2017,8,10,19.830628,19.803136,18.1236995
2017,8,9,20.497795,20.468522,17.84200417
2017,8,8,17.791575,17.766954,17.76638133
2017,8,7,16.963556,16.940368,18.257329
2017,8,6,16.852235,16.830016,18.50126883
2017,8,5,16.806408,16.783726,18.60732283
2017,8,4,18.140456,18.116445,18.66422033
2017,8,3,20.044058,20.015279,18.47191833
2017,8,2,20.737261,20.706723,17.96600883
2017,8,1,18.427195,18.404617,17.781617
2017,7,31,17.488559,17.463992,18.12207767
2017,7,30,17.147793,17.12335,18.20240117
2017,7,29,16.986644,16.964208,18.2160385
2017,7,28,17.008601,16.988296,18.23126867
2017,7,27,19.63091,19.610146,18.23168717
2017,7,26,20.469959,20.447731,17.86722017
2017,7,25,17.9705,17.947968,17.782452
2017,7,24,17.229617,17.20464,18.167241
2017,7,23,17.078025,17.053958,18.31554617
2017,7,22,17.011112,16.983568,18.360075
2017,7,21,17.444108,17.418484,18.3954825
2017,7,20,19.96135,19.933378,18.45259967
2017,7,19,20.279234,20.249725,18.07851017
2017,7,18,18.119448,18.090189,18.00139233
2017,7,17,17.345198,17.319769,18.37061383
2017,7,16,17.223557,17.19724,18.52348333
2017,7,15,17.786811,17.760426,18.571557
2017,7,14,17.716813,17.688395,18.48366117
2017,7,13,19.816527,19.787452,18.39906033
2017,7,12,20.334777,20.303605,17.984575
2017,7,11,18.262415,18.23365,17.88650083
2017,7,10,17.511999,17.483619,18.2325305
2017,7,9,17.259436,17.232938,18.34332683
2017,7,8,17.209208,17.18028,18.36568283
2017,7,7,17.329615,17.297793,18.36699833
2017,7,6,19.746332,19.715038,18.34000767
2017,7,5,20.338593,20.307767,17.92495467
2017,7,4,18.176777,18.1452,17.82274967
2017,7,3,17.393572,17.366425,18.16624983
2017,7,2,17.217101,17.191343,18.297281
2017,7,1,17.167671,17.139079,18.31762033
2017,6,31,17.256014,17.227896,18.30829867
2017,6,30,19.725363,19.693667,18.2589405
2017,6,29,20.237778,20.203283,17.8007365
2017,6,28,18.179759,18.151071,17.70925783
2017,6,27,17.339137,17.311914,18.0353885
2017,6,26,17.111741,17.082874,18.11372917
2017,6,25,16.959865,16.93055,18.0971255
2017,6,24,16.976139,16.948195,18.07546733
2017,6,23,19.688906,19.656562,18.0266295
2017,6,22,20.136543,20.102174,17.5558905
2017,6,21,17.809181,17.776424,17.4762565
2017,6,20,17.012119,16.981647,17.82568117
2017,6,19,16.829916,16.801096,17.9532545
2017,6,18,16.683112,16.652783,17.94147417
2017,6,17,16.864472,16.833123,17.94454517
2017,6,16,19.658739,19.62273,17.9041145
2017,6,15,19.905729,19.866686,17.42111017
2017,6,14,17.777559,17.741798,17.32447983
2017,6,13,16.759234,16.725251,17.65856833
2017,6,12,16.701538,16.669083,17.788308
2017,6,11,16.621888,16.589887,17.787047
2017,6,10,16.760713,16.730642,17.76615267
2017,6,9,19.325947,19.289036,17.74234467
2017,6,8,19.78209,19.743208,17.323121
2017,6,7,17.537672,17.501266,17.20255783
2017,6,6,16.693972,16.660211,17.55040833
2017,6,5,16.496522,16.461048,17.68175133
2017,6,4,16.617865,16.57983,17.70330183
2017,6,3,16.810605,16.774824,17.67724917
2017,6,2,19.058711,19.020962,17.6155135
2017,6,1,19.624775,19.583979,17.21442783
2017,5,30,17.48203,17.447241,17.18993017
2017,5,29,16.625825,16.593842,17.56970683
2017,5,28,16.461549,16.428836,17.6952275
2017,5,27,16.440191,16.40914,17.68814233
2017,5,26,16.652197,16.616463,17.64673117
2017,5,25,19.477789,19.438417,17.55464733
2017,5,24,19.76069,19.720124,16.980421
2017,5,23,17.378949,17.343679,16.80030233
2017,5,22,16.419038,16.38751,17.10755433
2017,5,21,16.191724,16.161616,17.199171
2017,5,20,16.099694,16.067912,17.20332183
2017,5,19,16.032431,16.001932,17.13816833
2017,5,18,18.679978,18.644233,17.0646185
2017,5,17,19.222461,19.184967,16.5657895
2017,5,16,16.968738,16.932968,16.44284817
2017,5,15,16.216629,16.187809,16.76405983
2017,5,14,15.708773,15.68968,16.8389945
2017,5,13,15.591132,15.572416,16.82700617
2017,5,12,15.687004,15.667288,16.82973483
2017,5,11,18.484813,18.432338,16.80263067
2017,5,10,18.896008,18.836115,16.40395983
2017,5,9,16.666237,16.607261,16.29677683
2017,5,8,15.636843,15.587174,16.6386985
2017,5,7,15.607504,15.560515,16.76648267
2017,5,6,15.524379,15.478339,16.76896517
2017,5,5,16.092788,16.04973,16.7701185
2017,5,4,18.25291,18.201058,16.67245583
2017,5,3,18.717767,18.664942,16.365813
2017,5,2,16.403548,16.359083,16.27008333
2017,5,1,15.622399,15.583285,16.640774
2017,4,31,15.531299,15.490871,16.77115383
2017,4,30,15.506812,15.465933,16.81586883
2017,4,29,16.413053,16.371594,16.75973483
2017,4,28,18.143389,18.102468,16.5274555
2017,4,27,18.627692,18.578223,16.02063667
2017,4,26,16.404678,16.361691,15.89635317
2017,4,25,15.799589,15.766389,16.24509067
2017,4,24,15.170008,15.148344,16.262924
2017,4,23,15.019377,15.002322,16.240944
2017,4,22,15.102476,15.074197,16.20686933
2017,4,21,17.881991,17.839516,16.14628383
2017,4,20,18.497103,18.44837,15.63552
2017,4,19,15.906589,15.863324,15.51708517
2017,4,18,15.038128,14.998424,15.912689
2017,4,17,14.814929,14.7771,15.99570467
2017,4,16,14.738963,14.696541,15.979306
2017,4,15,14.817408,14.780885,15.968141
2017,4,14,17.786494,17.742731,15.9173695
2017,4,13,18.280212,18.23333,15.41015033
2017,4,12,15.536222,15.495395,15.27309033
2017,4,11,14.716537,14.677655,15.67177417
2017,4,10,14.671973,14.634228,15.7909285
2017,4,9,14.512779,14.476099,15.81324433
2017,4,8,14.743179,14.706846,15.84119
2017,4,7,17.457852,17.41325,15.83054383
2017,4,6,17.928325,17.880738,15.64101917
2017,4,5,15.431463,15.388843,15.63904367
2017,4,4,14.805868,14.766275,16.06353933
2017,4,3,14.680453,14.642655,16.157536
2017,4,2,14.679302,14.641755,16.134892
2017,4,1,16.320704,16.281448,16.08634433
2017,3,30,17.916472,17.872451,15.70348217
2017,3,29,17.978437,17.933089,15.03740783
2017,3,28,15.369848,15.329083,14.845104
2017,3,27,14.544589,14.50692,15.1719735
2017,3,26,14.388016,14.351406,15.21855033
2017,3,25,14.023531,13.992716,15.1460815
2017,3,24,13.920026,13.891226,15.137067
2017,3,23,16.824614,16.794872,15.13359083
2017,3,22,17.331065,17.293327,14.880544
2017,3,21,14.82405,14.789937,14.8377035
2017,3,20,13.953203,13.919815,15.28078717
2017,3,19,13.969444,13.937809,15.7291455
2017,3,18,13.899169,13.873567,15.87852717
2017,3,17,15.306333,15.276202,15.94873633
2017,3,16,17.074022,17.036751,15.737682
2017,3,15,17.482552,17.443097,15.23853483
2017,3,14,16.643353,16.606254,15.08416117
2017,3,13,14.865734,14.833863,15.1435685
2017,3,12,14.320424,14.290918,15.09826583
2017,3,11,14.040007,14.012261,15.0166295
2017,3,10,14.079139,14.058506,14.96763817
2017,3,9,16.55631,16.543156,14.8913405
2017,3,8,16.999797,16.98285,14.4181215
2017,3,7,14.593918,14.568375,14.33137333
2017,3,6,13.830606,13.800914,14.7099785
2017,3,5,13.746059,13.717394,14.79925467
2017,3,4,13.621353,13.594489,14.77838983
2017,3,3,13.716996,13.695915,14.766464
2017,3,2,16.479308,16.455666,14.7233885
2017,3,1,16.865549,16.843862,14.22660017
2017,2,31,14.366263,14.349969,14.16064133
2017,2,30,13.62087,13.605792,14.57193983
2017,2,29,13.549798,13.533888,14.67218167
2017,2,28,13.458543,13.442215,14.63134233
2017,2,27,13.498578,13.4832,14.60894517
2017,2,26,16.469796,16.453639,14.5657025
2017,2,25,16.834054,16.818967,14.06260483
2017,2,24,14.222321,14.210262,13.9926185
2017,2,23,13.304762,13.295159,14.394808
2017,2,22,13.32416,13.316544,14.51349483
2017,2,21,13.239122,13.231125,14.49619833
2017,2,20,13.45121,13.443672,14.48922933
2017,2,19,16.414136,16.40489,14.45641817
2017,2,18,16.635458,16.625557,13.910093
2017,2,17,14.016883,14.00842,13.81615017
2017,2,16,13.220381,13.212725,14.2311585
2017,2,15,13.197308,13.190335,14.35744383
2017,2,14,13.254343,13.247753,14.35769367
2017,2,13,13.136185,13.129933,14.35449817
2017,2,12,16.071801,16.063971,14.33617367
2017,2,11,16.506933,16.49851,13.8446935
2017,2,10,13.978093,13.970661,13.77048583
2017,2,9,13.198807,13.192224,14.1734345
2017,2,8,13.23517,13.228647,14.2613465
2017,2,7,13.026238,13.019688,14.2359715
2017,2,6,13.12292,13.116268,14.25741817
2017,2,5,16.061687,16.05365,14.28173633
2017,2,4,16.395785,16.387501,13.828054
2017,2,3,13.726279,13.719116,13.78330117
2017,2,2,13.08292,13.07612,14.23765117
2017,2,1,13.154918,13.148297,14.368599
2017,1,28,13.268829,13.262298,14.384853
2017,1,27,13.339593,13.333918,14.357437
2017,1,26,16.127268,16.120522,14.30708917
2017,1,25,16.452379,16.445671,13.91265
2017,1,24,13.868607,13.862693,13.8001045
2017,1,23,13.252442,13.247162,14.19936967
2017,1,22,13.104333,13.098889,14.299582
2017,1,21,13.037506,13.032382,14.2689095
2017,1,20,13.760633,13.748657,14.23858233
2017,1,19,15.777106,15.77001,14.11116317
2017,1,18,16.264198,16.257463,13.66399733
2017,1,17,13.853716,13.847674,13.592508
2017,1,16,12.920298,12.915155,13.98712233
2017,1,15,12.855543,12.850181,14.10225483
2017,1,14,12.996118,12.990481,14.11453517
2017,1,13,13.094111,13.088502,14.097577
2017,1,12,15.835262,15.827969,14.05645183
2017,1,11,16.221402,16.214515,13.57339967
2017,1,10,13.611093,13.605172,13.52612783
2017,1,9,12.929225,12.923552,13.97933
2017,1,8,12.894369,12.888483,14.0972585
2017,1,7,12.84736,12.841644,14.098894
2017,1,6,12.936949,12.931646,14.10187133
2017,1,5,15.937771,15.930727,14.090035
2017,1,4,16.330306,16.322438,13.59875267
2017,1,3,13.636796,13.630526,13.54375433
2017,1,2,12.904182,12.89884,14.01030083
2017,1,1,12.865224,12.859086,14.1325965
2017,0,31,12.865931,12.860467,14.17468183
2017,0,30,12.990077,12.984514,14.21302917
2017,0,29,16.000316,15.992694,14.18590033
2017,0,28,16.436075,16.428425,13.66775283
2017,0,27,13.637956,13.631874,13.60281483
2017,0,26,13.117736,13.112406,14.04713783
2017,0,25,13.096015,13.09054,14.14120833
2017,0,24,12.827304,12.822849,14.103675
2017,0,23,12.891431,12.886754,14.10663283
2017,0,22,16.046447,16.040204,14.091539
2017,0,21,16.303894,16.297325,13.6778135
2017,0,20,13.682159,13.676599,13.61442083
2017,0,19,12.870815,12.865667,14.07013717
2017,0,18,12.845051,12.840387,14.20295467
2017,0,17,12.800868,12.796065,14.22307067
2017,0,16,13.564094,13.55884,14.24549833
2017,0,15,15.923538,15.916015,14.1285865
2017,0,14,16.416457,16.409309,13.66885533
2017,0,13,13.66772,13.662558,13.606568
2017,0,12,12.965747,12.960869,14.05042817
2017,0,11,12.935434,12.93036,14.24810667
2017,0,10,12.862623,12.857941,14.340134
2017,0,9,13.165151,13.159932,14.43756717
2017,0,8,16.042733,16.035954,14.521205
2017,0,7,16.330881,16.324313,14.36869117
2017,0,6,14.151818,14.146266,14.39825483
2017,0,5,13.487598,13.482399,14.84009883
2017,0,4,13.447222,13.441409,15.18650317
2017,0,3,13.666978,13.661253,15.40140917
2017,0,2,15.12765,15.12087,15.547514
2017,0,1,16.508263,16.499972,15.45068967
2016,11,31,16.802882,16.79491,15.2220145
2016,11,30,15.566024,15.559353,15.03686183
2016,11,29,14.736658,14.730116,15.1220095
2016,11,28,14.543607,14.538222,15.12835717
2016,11,27,14.546704,14.540794,14.985651
2016,11,26,15.136212,15.129767,14.7641055
2016,11,25,15.691966,15.684616,14.41150433
2016,11,24,16.07691,16.069994,13.96880217
2016,11,23,14.774744,14.768852,13.88230983
2016,11,22,13.68737,13.681592,14.07373267
2016,11,21,13.217431,13.212255,14.03413567
2016,11,20,13.020605,13.015217,13.964226
2016,11,19,13.035753,13.030844,13.88391933
2016,11,18,15.557956,15.551655,13.7713855
2016,11,17,15.923281,15.917326,13.24462483
2016,11,16,13.449788,13.444298,13.14158883
2016,11,15,12.797973,12.7929,13.480859
2016,11,14,12.538765,12.533167,13.50033083
2016,11,13,12.36055,12.355809,13.4924705
2016,11,12,12.397392,12.392587,13.49864833
2016,11,11,15.305065,15.299403,13.4767365
2016,11,10,15.485409,15.480028,12.98439783
2016,11,9,12.914804,12.90999,12.922269
2016,11,8,12.491603,12.486993,13.33136
2016,11,7,12.397617,12.392703,13.39133217
2016,11,6,12.265921,12.261333,13.36731917
2016,11,5,12.351033,12.346344,13.36388317
2016,11,4,15.112636,15.106688,13.32199783
2016,11,3,15.36935,15.363104,12.87268617
2016,11,2,12.851436,12.846664,12.81347983
2016,11,1,12.253539,12.24889,13.2393025
2016,10,30,12.245305,12.240331,13.4960685
2016,10,29,12.099721,12.095251,13.57946533
2016,10,28,12.416766,12.412052,13.6396165
2016,10,27,15.014112,15.007643,13.58617817
2016,10,26,15.406372,15.400253,13.097382
2016,10,25,13.794135,13.789019,12.9978505
2016,10,24,12.745686,12.740398,13.22040133
2016,10,23,12.460628,12.455901,13.18439067
2016,10,22,12.096136,12.091294,13.08918833
2016,10,21,12.081335,12.07651,13.04544917
2016,10,20,14.809183,14.802724,13.01445783
2016,10,19,15.12944,15.123428,12.52803267
2016,10,18,12.529622,12.525147,12.45444767
2016,10,17,11.889414,11.884374,12.867484
2016,10,16,11.833701,11.828871,13.07294417
2016,10,15,11.895387,11.890811,13.0555045
2016,10,14,11.890632,11.886006,13.058055
2016,10,13,14.68793,14.681913,13.23076283
2016,10,12,15.00784,15.001948,12.75828967
2016,10,11,13.122175,13.116368,12.69012867
2016,10,10,11.729063,11.723678,12.98348017
2016,10,9,11.91069,11.905836,13.080112
2016,10,8,12.926879,12.921017,13.07228067
2016,10,7,11.853091,11.848523,12.9535175
2016,10,6,14.598874,14.592466,13.0347065
2016,10,5,14.882284,14.875494,12.59768117
2016,10,4,12.308854,12.304121,12.59402883
2016,10,3,11.863702,11.858827,13.03017433
2016,10,2,12.2143,12.209055,13.1447705
2016,10,1,12.340225,12.335192,13.07923583
2016,9,31,11.976722,11.971782,12.97910817
2016,9,30,14.86037,14.853827,12.91827083
2016,9,29,14.925727,14.919737,12.385363
2016,9,28,12.551279,12.54663,12.27063383
2016,9,27,11.821092,11.81602,12.5931185
2016,9,26,11.739459,11.73466,12.66085017
2016,9,25,11.611698,11.606449,12.64580833
2016,9,24,11.662923,11.6586,12.6338495
2016,9,23,14.237352,14.231187,12.57261183
2016,9,22,14.486187,14.47985,12.10715183
2016,9,21,12.227482,12.222093,12.058389
2016,9,20,11.649208,11.644557,12.40275217
2016,9,19,11.539945,11.535271,12.455734
2016,9,18,11.295497,11.290252,12.421718
2016,9,17,11.444592,11.43959,12.466945
2016,9,16,14.19361,14.187464,12.464702
2016,9,15,14.293661,14.287814,12.04361683
2016,9,14,11.967099,11.961922,11.99215267
2016,9,13,11.335849,11.331265,12.33858817
2016,9,12,11.566859,11.561597,12.422639
2016,9,11,11.431134,11.426,12.3674495
2016,9,10,11.667099,11.662021,12.31658067
2016,9,9,13.984876,13.978551,12.230753
2016,9,8,14.045712,14.039383,11.829984
2016,9,7,11.840154,11.835495,11.80560367
2016,9,6,11.235722,11.230774,12.18415767
2016,9,5,11.125921,11.120826,12.2683045
2016,9,4,11.152133,11.147277,12.27674117
2016,9,3,11.580262,11.574695,12.26333267
2016,9,2,13.89943,13.893046,12.15564083
2016,9,1,14.111478,14.104623,11.6791775
2016,8,30,11.740603,11.734986,11.61714067
2016,8,29,11.176541,11.171387,11.95064967
2016,8,28,11.071682,11.067044,11.99215217
2016,8,27,10.934111,10.928859,11.96674417
2016,8,26,11.04065,11.035884,11.96612283
2016,8,25,13.739257,13.732881,11.924427
2016,8,24,13.741657,13.735417,11.46695817
2016,8,23,11.425556,11.420372,11.46812
2016,8,22,10.919234,10.914393,11.85619867
2016,8,21,10.930383,10.925416,11.935778
2016,8,20,10.790475,10.785586,11.94966417
2016,8,19,10.994444,10.989113,11.97451133
2016,8,18,13.748628,13.741914,11.94283017
2016,8,17,13.754028,13.747393,11.48216733
2016,8,16,11.39671,11.39125,11.45616883
2016,8,15,11.0137,11.008569,11.8270135
2016,8,14,10.939558,10.933731,11.85835517
2016,8,13,10.804357,10.799296,11.82723583
2016,8,12,10.984651,10.97926,11.82161767
2016,8,11,13.598037,13.591019,11.77028433
2016,8,10,13.621778,13.615344,11.43833083
2016,8,9,11.20175,11.195866,11.34056783
2016,8,8,10.752842,10.747698,11.691198
2016,8,7,10.770648,10.76563,11.7800475
2016,8,6,10.676651,10.671292,11.7780845
2016,8,5,11.606316,11.600208,11.7870565
2016,8,4,13.0352,13.028221,11.64589967
2016,8,3,13.305531,13.298353,11.29144733
2016,8,2,11.285939,11.280525,11.251614
2016,8,1,10.75887,10.752877,11.57232783
2016,7,31,10.730483,10.724883,11.65985367
2016,7,30,10.759375,10.753995,11.67425017
2016,7,29,10.908486,10.903099,11.66207433
2016,7,28,13.066531,13.058754,11.612359
2016,7,27,13.210222,13.202366,11.23265533
2016,7,26,11.284025,11.27731,11.20631917
2016,7,25,10.816862,10.811096,11.53805883
2016,7,24,10.68632,10.680944,11.63728967
2016,7,23,10.610194,10.604544,11.68429017
2016,7,22,10.788309,10.78195,11.72339033
2016,7,21,13.052205,13.045432,11.73956883
2016,7,20,13.274463,13.267448,11.45973983
2016,7,19,11.412247,11.4064,11.42612133
2016,7,18,10.968323,10.959486,11.7029975
2016,7,17,10.844795,10.831922,11.8005415
2016,7,16,10.88538,10.875064,11.83343933
2016,7,15,11.373231,11.363895,11.838228
2016,7,14,13.072752,13.065262,11.7536195
2016,7,13,13.073504,13.066455,11.39322567
2016,7,12,11.553587,11.546003,11.3493355
2016,7,11,11.042182,11.035586,11.58118583
2016,7,10,10.914112,10.907967,11.64767917
2016,7,9,10.86558,10.859832,11.64105317
2016,7,8,10.910389,10.904464,11.63615417
2016,7,7,12.810163,12.8034,11.632244
2016,7,6,12.944689,12.937697,11.31932317
2016,7,5,11.441142,11.434814,11.31792333
2016,7,4,10.874356,10.870226,11.57736333
2016,7,3,10.836186,10.832166,11.6802055
2016,7,2,10.886928,10.883052,11.68666117
2016,7,1,10.932638,10.928728,11.67223833
2016,6,31,12.93629,12.931873,11.63702817
2016,6,30,12.997782,12.993286,11.27188833
2016,6,29,11.491409,11.4871,11.2223555
2016,6,28,10.87492,10.871414,11.4567615
2016,6,27,10.800391,10.796886,11.51753967
2016,6,26,10.721377,10.717649,11.50638317
2016,6,25,10.745451,10.741692,11.488404
2016,6,24,12.700585,12.696203,11.45604083
2016,6,23,12.897845,12.893086,11.10880867
2016,6,22,11.239589,11.235956,11.07745467
2016,6,21,10.733452,10.729715,11.30279333
2016,6,20,10.613502,10.61004,11.35768417
2016,6,19,10.551272,10.547597,11.3685555
2016,6,18,10.617192,10.613258,11.38246517
2016,6,17,12.709721,12.70473,11.3668275
2016,6,16,12.591621,12.586889,11.01083083
2016,6,15,11.062797,11.059135,10.98389967
2016,6,14,10.67873,10.675015,11.26793183
2016,6,13,10.63473,10.631157,11.36043733
2016,6,12,10.523366,10.519639,11.36655083
2016,6,11,10.573741,10.569875,11.4088685
2016,6,10,12.430034,12.424882,11.446126
2016,6,9,12.76699,12.76193,11.15501967
2016,6,8,11.233763,11.229678,11.07505233
2016,6,7,10.671411,10.667665,11.29094917
2016,6,6,10.777272,10.77301,11.3675125
2016,6,5,10.797286,10.793217,11.31763617
2016,6,4,10.683396,10.679457,11.244105
2016,6,3,12.287186,12.282056,11.185764
2016,6,2,12.529144,12.524081,10.8684665
2016,6,1,11.130791,11.126862,10.83930983
2016,5,30,10.478014,10.473975,11.07186533
2016,5,29,10.356099,10.352352,11.1401075
2016,5,28,10.33335,10.329475,11.13374967
2016,5,27,10.383401,10.379414,11.10278167
2016,5,26,12.354204,12.349337,11.060655
2016,5,25,12.526124,12.521284,10.69060917
2016,5,24,10.887467,10.88345,10.63086733
2016,5,23,10.317952,10.313996,10.85079533
2016,5,22,10.147542,10.143732,10.891408
2016,5,21,10.130641,10.126584,10.878974
2016,5,20,10.133929,10.130183,10.86381883
2016,5,19,12.167673,12.162146,10.824708
2016,5,18,12.207035,12.202185,10.46551983
2016,5,17,10.561628,10.557443,10.45570933
2016,5,16,10.072938,10.069156,10.72059833
2016,5,15,10.03971,10.035671,10.77694267
2016,5,14,9.899264,9.89535,10.751784
2016,5,13,10.012544,10.00878,10.75912617
2016,5,12,12.148172,12.142754,10.7338285
2016,5,11,12.150962,12.146141,10.362908
2016,5,10,10.411004,10.406774,10.3436805
2016,5,9,9.888758,9.884628,10.6448555
2016,5,8,9.943317,9.938919,10.723916
2016,5,7,9.860758,9.856474,10.71372217
2016,5,6,9.922649,9.918141,10.71315417
2016,5,5,12.035597,12.029229,10.68971683
2016,5,4,12.218054,12.212549,10.43376917
2016,5,3,10.363121,10.358459,10.34093817
2016,5,2,9.882154,9.877799,10.57387667
2016,5,1,9.85735,9.852889,10.623712
2016,4,31,9.782025,9.777859,10.60873983
2016,4,30,10.499911,10.49482,10.56362517
2016,4,29,11.661068,11.655584,10.39947
2016,4,28,11.760752,11.755214,10.057426
2016,4,27,10.181166,10.176487,10.05196867
2016,4,26,9.767517,9.763308,10.32317933
2016,4,25,9.511337,9.506777,10.33833583
2016,4,24,9.51498,9.510804,10.320051
2016,4,23,9.608804,9.604714,10.2957115
2016,4,22,11.728008,11.722528,10.257114
2016,4,21,11.80843,11.802883,9.938825667
2016,4,20,9.858456,9.854261,9.885410333
2016,4,19,9.401628,9.397681,10.17470683
2016,4,18,9.368943,9.364941,10.21906467
2016,4,17,9.377219,9.37324,10.20182733
2016,4,16,9.818278,9.813814,10.18039367
2016,4,15,11.487938,11.482044,10.08019567
2016,4,14,11.594235,11.58899,9.715068333
2016,4,13,9.667775,9.663285,9.661875667
2016,4,12,9.265519,9.261386,9.965681167
2016,4,11,9.248617,9.244261,10.04769517
2016,4,10,9.21709,9.212845,10.09934783
2016,4,9,9.297174,9.292531,10.115029
2016,4,8,11.275079,11.26921,10.13591917
2016,4,7,11.490608,11.484454,9.854268
2016,4,6,9.757603,9.752603,9.8817315
2016,4,5,9.558533,9.553802,10.21177183
2016,4,4,9.311177,9.306095,10.24995483
2016,4,3,9.422515,9.417706,10.26090583
2016,4,2,9.585172,9.580491,10.23016617
2016,4,1,11.655389,11.648624,10.1596185
2016,3,30,11.737845,11.731315,9.745955167
2016,3,29,9.787631,9.782822,9.666267833
2016,3,28,9.376883,9.37235,9.9309635
2016,3,27,9.238077,9.233436,9.963960667
2016,3,26,9.161886,9.156828,9.963344
2016,3,25,9.173409,9.168747,9.9234195
2016,3,24,11.259721,11.253822,9.886278667
2016,3,23,11.375805,11.369678,9.514880833
2016,3,22,9.574866,9.569845,9.473294833
2016,3,21,9.234377,9.22964,9.738199667
2016,3,20,8.922339,8.917602,9.757854667
2016,3,19,8.950564,8.946051,9.750136833
2016,3,18,9.031334,9.026566,9.7462065
2016,3,17,11.126289,11.12007,9.711312
2016,3,16,11.164295,11.158593,9.326684333
2016,3,15,9.352307,9.3475,9.2795105
2016,3,14,8.876032,8.871486,9.550518167
2016,3,13,8.926982,8.922373,9.614506833
2016,3,12,8.821967,8.817106,9.604868333
2016,3,11,8.818523,8.813555,9.604306667
2016,3,10,10.881252,10.874377,9.588022
2016,3,9,10.978353,10.972407,9.247431833
2016,3,8,9.259964,9.254469,9.196888167
2016,3,7,8.869151,8.863691,9.4470815
2016,3,6,8.818597,8.813709,9.517459667
2016,3,5,8.720815,8.71558,9.5371665
2016,3,4,8.837711,8.831986,9.5604165
2016,3,3,10.675091,10.666352,9.538782
2016,3,2,10.761124,10.754094,9.347667167
2016,3,1,9.29142,9.285758,9.332277333
2016,2,31,8.936838,8.931966,9.571786667
2016,2,30,8.860315,8.85559,9.800973833
2016,2,29,8.707904,8.702399,9.854383667
2016,2,28,9.528402,9.522234,9.882583
2016,2,27,10.668785,10.660786,9.737028167
2016,2,26,10.728476,10.721347,9.4269035
2016,2,25,10.311961,10.305663,9.426802833
2016,2,24,9.180774,9.175018,9.472964167
2016,2,23,8.8771,8.87119,9.443608
2016,2,22,8.655073,8.64952,9.384504
2016,2,21,8.808037,8.80249,9.348116
2016,2,20,10.727872,10.721181,9.284664667
2016,2,19,10.588929,10.582426,8.901614
2016,2,18,9.004637,8.999689,8.888951667
2016,2,17,8.522476,8.517696,9.1382175
2016,2,16,8.436745,8.432495,9.187931167
2016,2,15,8.427329,8.42282,9.180453
2016,2,14,8.429568,8.425431,9.1785865
2016,2,13,10.512955,10.507633,9.1649205
2016,2,12,10.500232,10.494526,8.813326667
2016,2,11,8.820758,8.81648,8.7025795
2016,2,10,8.391876,8.38748,8.982700333
2016,2,9,8.41613,8.411743,9.0403105
2016,2,8,8.347572,8.343012,9.018830833
2016,2,7,8.403392,8.399023,9.015953
2016,2,6,9.835749,9.829819,9.007240167
2016,2,5,10.501483,10.495676,8.759052833
2016,2,4,8.737537,8.733388,8.711833
2016,2,3,8.287252,8.282578,8.965434333
2016,2,2,8.330305,8.326073,9.0227365
2016,2,1,8.351115,8.346752,9.018797833
2016,1,29,8.346625,8.342494,9.015464
2016,1,28,10.218164,10.212102,8.999186833
2016,1,27,10.259145,10.253623,8.671016333
2016,1,26,8.631065,8.62686,8.653772167
2016,1,25,8.306673,8.302424,8.922071333
2016,1,24,8.331112,8.326491,8.958480333
2016,1,23,8.248962,8.244858,8.928960833
2016,1,22,8.249141,8.244519,8.913060833
2016,1,21,10.15568,10.150047,8.908239833
2016,1,20,10.24086,10.234954,8.689011167
2016,1,19,8.525127,8.520651,8.667336667
2016,1,18,8.153995,8.149923,8.947678333
2016,1,17,8.153562,8.149236,9.014435833
2016,1,16,8.220215,8.215771,8.994317
2016,1,15,8.840308,8.835151,9.011493833
2016,1,14,10.110813,10.105234,8.933640667
2016,1,13,10.207177,10.201589,8.657920333
2016,1,12,8.55454,8.549886,8.642558167
2016,1,11,8.032849,8.028554,8.919423833
2016,1,10,8.323276,8.318584,8.999579167
2016,1,9,8.373189,8.368888,8.963300667
2016,1,8,8.456491,8.451878,8.917359667
2016,1,7,10.115004,10.108816,8.855569333
2016,1,6,10.215734,10.210278,8.534926667
2016,1,5,8.513781,8.509157,8.523227167
2016,1,4,8.105605,8.101025,8.806649833
2016,1,3,8.097543,8.093353,8.86333
2016,1,2,8.085749,8.081039,8.868468667
2016,1,1,8.191148,8.186598,8.873819833
2016,0,31,10.145537,10.139241,8.858583
2016,0,30,10.214317,10.2084,8.532956667
2016,0,29,8.445686,8.440895,8.515263167
2016,0,28,8.128375,8.124047,8.807847333
2016,0,27,8.117856,8.113272,8.880479
2016,0,26,8.099727,8.095309,8.8738875
2016,0,25,8.191779,8.186906,8.866887833
2016,0,24,10.108156,10.101841,8.834426667
2016,0,23,10.201191,10.194861,8.578290333
2016,0,22,8.564165,8.559482,8.537131833
2016,0,21,8.078307,8.07349,8.801880833
2016,0,20,8.057729,8.052855,8.863601667
2016,0,19,7.997012,7.992669,8.875057
2016,0,18,8.571338,8.566404,8.903918667
2016,0,17,9.95424,9.948425,8.798489667
2016,0,16,10.152659,10.146444,8.498677833
2016,0,15,8.448632,8.444355,8.499279
2016,0,14,8.126461,8.122328,8.804864833
2016,0,13,8.170182,8.166099,8.845040667
2016,0,12,7.938764,7.934149,8.841240333
2016,0,11,8.155369,8.150697,8.918460667
2016,0,10,10.156266,10.149829,8.934397
2016,0,9,10.282147,10.275814,8.644927
2016,0,8,8.367516,8.36227,8.609019833
2016,0,7,8.14738,8.142518,8.896827167
2016,0,6,8.402086,8.397226,9.273148
2016,0,5,8.250987,8.245998,9.540074667
2016,0,4,8.419446,8.414646,9.710098333
2016,0,3,10.066704,10.059929,9.824315167
2016,0,2,10.09436,10.088013,9.665261667
2016,0,1,10.405305,10.399052,9.642700167